AI	17:4638	brand=Apex 2.0			
Button	11:2463	Type=icon/label|State=Default	hasIconStart,hasIconEnd,hasBadge	label	iconStart,iconEnd
Tag	10:2187	Type=dot/full	hasIcon,hasDismiss	label	
Switch	18:146	Value=off/on	hasLabel		
Loading Spinner (atom)	18:166	Size=lg/md/sm	hasLabel	label	
Input Field (atom)	645:69690	State=error/default	hasLeadingIcon,hasTrailingIcon,hasActions		
Input Text	937:39374	Layout=vertical/horizontal			
Input Number	937:39395	Layout=vertical/horizontal			
Input Select	937:39352	Layout=vertical/horizontal			
Input Search	937:39416	Layout=vertical/horizontal			
Input Date	937:39437	Layout=vertical/horizontal			
Input Password	937:39480	Layout=horizontal/vertical			
Text Area	937:39513	Layout=vertical/horizontal			
Indicator (atom)	145:3385	Type=count/dot			
Filter Chip (atom)	154:3904	State=default	hasMenu,hasIcon,hasIndicator,hasLabel	label	
Filter Toolbar	150:3688	Type=data/view			
Container	58:66573	Type=default/dialog/panel/overlay-panel/accordion	expanded		
Container Header	912:33355	Variant=Default/Panel	hasDragHandle,hasActions,hasIcon,hasMetadata	heading	
Container Footer	51:66458	Type=action-bar			
Data Field	451:46146	Orientation=vertical/horizontal			
Chart Axis	451:46196	Orientation=vertical/horizontal			
Chat Message	228:6615	Type=received/sent	hasAvatar	name,timestamp,message	
Calendar	268:14601	Type=single/range	hasTime		
Calendar Button	276:16589	State=default/today/selected-range		label	
Grid Cell	926:34253	Type=cell/header/group/filter	hasCheckbox,hasActions		
Accordion [Deprecated]	28:824	State=collapsed/expanded		label	
Icon	18:31				glyph
Checkbox (Atom)	49:66148		isChecked		
Select Checkbox	945:44666		hasDescription	label,description	
Radio (Atom)	49:66151		isChecked		
Select Radio	945:44673		hasDescription	label,description	
Fieldset	186:4694		hasDescription,hasValidation	legend,description,validation	
Progress Bar (atom)	18:181				
Pagination	48:65826		hasResults	pageSize,currentPage,totalPages	
Menu List Item	48:66015		hasDescription,hasLeadingIcon,hasDragHandle,hasLeadingControl,hasLeading,hasExpand	label,description	leadingControl
Select Card	62:1754				
Banner	62:274		hasLink	message	
Chip	62:1732		hasDismiss,hasIcon	label	
Key Value Pair	62:283			key,value	
Slider	65:2158			label	
File Uploader	66:2200				
File Item	67:2237				
Progress Steps	67:2252				
Progress Step (atom)	939:39601		hasInput,hasOutput		
Connector (atom)	939:40157				
Callout	27:733			heading	
Toast	27:750		hasClose,hasAction	heading,value	
Tab Group	28:813				
Tab	935:38174				
Tooltip (atom)	18:147			label	
Section Header	27:767		hasDivider,hasActions,hasDescription	heading,description	
Empty State	27:775		hasSmallPrint,hasActions	heading,description	
Breadcrumbs	27:759				
Toolbar	48:65911				
List	49:66025				
Menu	49:66174				
Metric	61:263			label,value,delta	
View Header	63:2025				
Code Block	186:4514		hasHeader,hasLineNumbers	language	
Legend Item	186:4667		hasValue	label,value	
Chart Legend	430:43129				
Donut Chart	465:61966				
Gauge Chart	465:61976				
Transfer List	226:6468				
Prompt Composer	228:6617		hasLeadingActions	placeholder	
Time Picker	239:6823			value	
Navigation Section/default	32:43134		isMaximised		
Navigation Item	32:43138		hasIcon,hasIndicator,isMaximised		
Primary Navigation	32:43161				
App Header	150:3690		hasNotifications,hasLoadingBar		
Dialog [Deprecated]	52:66459				
